<?xml version="1.0" encoding="utf-8"?><software-component-version formatVersion="1.0" schemaVersion="1.0"><software-component-version-key><PPMS-ID></PPMS-ID><name>OPENSAP_HANA5_EXAMPLE</name><version>1</version><vendor>sap.com</vendor></software-component-version-key><caption>openSAP HANA5 Example Implementation</caption><sp><sp-key><PPMS-ID></PPMS-ID><name>SP001</name><sp-level>001</sp-level><vendor>sap.com</vendor></sp-key><patch-level>12</patch-level><sp-caption>SP001 for openSAP HANA5 Example</sp-caption></sp><runtime-type>XSART</runtime-type></software-component-version>
