{
	"Employees": [{
		"FirstName": "George",
		"LastName": "Washington",
		"Department": "Approving Department",
		"Thumbnail": "http://upload.wikimedia.org/wikipedia/commons/2/25/George_Washington_as_CIC_of_the_Continental_Army_bust.jpg"
	}, {
		"FirstName": "Alexandrina",
		"LastName": "Victoria",
		"Department": "US Demo Solutions Group",
		"Thumbnail": "http://upload.wikimedia.org/wikipedia/commons/a/aa/Dronning_victoria.jpg"
	}, {
		"FirstName": "Friedrich",
		"LastName": "Der Große",
		"Department": "Approving Department",
		"Thumbnail": "http://upload.wikimedia.org/wikipedia/commons/f/fc/Frederic_II_de_prusse.jpg"
	}, {
		"FirstName": "Agnes",
		"LastName": "Teresa",
		"Department": "Architecture & Innovation Services",
		"Thumbnail": "http://upload.wikimedia.org/wikipedia/commons/6/6e/The_Saint_Mother_Teresa.jpg"
	}, {
		"FirstName": "Sigmund",
		"LastName": "Freud",
		"Department": "Human Resources Japan",
		"Thumbnail": "http://upload.wikimedia.org/wikipedia/commons/6/69/Sigmund_Freud_Anciano.jpg"
	}, {
		"FirstName": "Christopher",
		"LastName": "Columbus",
		"Department": "Architecture & Innovation Services",
		"Thumbnail": "http://upload.wikimedia.org/wikipedia/commons/0/06/CristobalColon.jpg"
	}, {
		"FirstName": "Winston",
		"LastName": "Churchill",
		"Department": "Human Resources Japan",
		"Thumbnail": "http://upload.wikimedia.org/wikipedia/commons/3/35/Churchill_portrait_NYP_45063.jpg"
	}]
}